"Year","City","Period","Observations.All"
2021,"Adelaide, South Australia, Australia","before",1064
2021,"Adelaide, South Australia, Australia","during",5438
2021,"Adelaide, South Australia, Australia","after",590
2020,"Adelaide, South Australia, Australia","before",807
2020,"Adelaide, South Australia, Australia","during",6756
2020,"Adelaide, South Australia, Australia","after",509
2022,"Adelaide, South Australia, Australia","before",1212
2022,"Adelaide, South Australia, Australia","during",5436
2022,"Adelaide, South Australia, Australia","after",619
2021,"Alachua County, Florida, USA","before",809
2021,"Alachua County, Florida, USA","during",10521
2021,"Alachua County, Florida, USA","after",1371
2020,"Alachua County, Florida, USA","before",767
2020,"Alachua County, Florida, USA","during",10348
2020,"Alachua County, Florida, USA","after",872
2022,"Alachua County, Florida, USA","before",785
2022,"Alachua County, Florida, USA","during",3981
2022,"Alachua County, Florida, USA","after",2221
2020,"Albuquerque, New Mexico, USA","before",288
2020,"Albuquerque, New Mexico, USA","during",5052
2020,"Albuquerque, New Mexico, USA","after",685
2021,"Albuquerque, New Mexico, USA","before",371
2021,"Albuquerque, New Mexico, USA","during",10658
2021,"Albuquerque, New Mexico, USA","after",853
2022,"Albuquerque, New Mexico, USA","before",644
2022,"Albuquerque, New Mexico, USA","during",13335
2022,"Albuquerque, New Mexico, USA","after",815
2019,"Albuquerque, New Mexico, USA","before",233
2019,"Albuquerque, New Mexico, USA","during",7935
2019,"Albuquerque, New Mexico, USA","after",227
2020,"Ann Arbor, Michigan, USA","before",262
2020,"Ann Arbor, Michigan, USA","during",1770
2020,"Ann Arbor, Michigan, USA","after",346
2021,"Ann Arbor, Michigan, USA","before",452
2021,"Ann Arbor, Michigan, USA","during",1527
2021,"Ann Arbor, Michigan, USA","after",579
2020,"Western NC, North Carolina, USA","before",1339
2020,"Western NC, North Carolina, USA","during",6520
2020,"Western NC, North Carolina, USA","after",1444
2019,"Western NC, North Carolina, USA","before",618
2019,"Western NC, North Carolina, USA","during",5310
2019,"Western NC, North Carolina, USA","after",779
2022,"Western NC, North Carolina, USA","before",2738
2022,"Western NC, North Carolina, USA","during",7763
2022,"Western NC, North Carolina, USA","after",3056
2019,"Atlanta, Georgia, USA","before",694
2019,"Atlanta, Georgia, USA","during",8978
2019,"Atlanta, Georgia, USA","after",700
2020,"Atlanta, Georgia, USA","before",1169
2020,"Atlanta, Georgia, USA","during",7369
2020,"Atlanta, Georgia, USA","after",1185
2021,"Atlanta, Georgia, USA","before",2528
2021,"Atlanta, Georgia, USA","during",7337
2021,"Atlanta, Georgia, USA","after",2217
2022,"Atlanta, Georgia, USA","before",1513
2022,"Atlanta, Georgia, USA","during",6733
2022,"Atlanta, Georgia, USA","after",1558
2020,"Auckland, Auckland, New Zealand","before",590
2020,"Auckland, Auckland, New Zealand","during",2291
2020,"Auckland, Auckland, New Zealand","after",734
2018,"Austin, Texas, USA","before",2227
2018,"Austin, Texas, USA","during",17747
2018,"Austin, Texas, USA","after",1880
2022,"Austin, Texas, USA","before",6275
2022,"Austin, Texas, USA","during",20211
2022,"Austin, Texas, USA","after",4437
2020,"Austin, Texas, USA","before",5058
2020,"Austin, Texas, USA","during",18727
2020,"Austin, Texas, USA","after",4842
2021,"Austin, Texas, USA","before",5622
2021,"Austin, Texas, USA","during",17287
2021,"Austin, Texas, USA","after",4286
2019,"Austin, Texas, USA","before",2892
2019,"Austin, Texas, USA","during",16275
2019,"Austin, Texas, USA","after",2956
2021,"Baltimore, Maryland, USA","before",3067
2021,"Baltimore, Maryland, USA","during",13643
2021,"Baltimore, Maryland, USA","after",3629
2022,"Baltimore, Maryland, USA","before",2241
2022,"Baltimore, Maryland, USA","during",8016
2022,"Baltimore, Maryland, USA","after",2441
2020,"Baltimore, Maryland, USA","before",1338
2020,"Baltimore, Maryland, USA","during",11115
2020,"Baltimore, Maryland, USA","after",1934
2018,"Baltimore, Maryland, USA","before",535
2018,"Baltimore, Maryland, USA","during",6155
2018,"Baltimore, Maryland, USA","after",1385
2019,"Baltimore, Maryland, USA","before",1123
2019,"Baltimore, Maryland, USA","during",8787
2019,"Baltimore, Maryland, USA","after",659
2018,"Barcelona Metropolitan Area, Catalonia","before",70
2018,"Barcelona Metropolitan Area, Catalonia","during",851
2018,"Barcelona Metropolitan Area, Catalonia","after",124
2021,"Baton Rouge, Louisiana, USA","before",1336
2021,"Baton Rouge, Louisiana, USA","during",7617
2021,"Baton Rouge, Louisiana, USA","after",606
2022,"Baton Rouge, Louisiana, USA","before",590
2022,"Baton Rouge, Louisiana, USA","during",13757
2022,"Baton Rouge, Louisiana, USA","after",501
2022,"Berlin, Germany","before",486
2022,"Berlin, Germany","during",4855
2022,"Berlin, Germany","after",546
2021,"Berlin, Germany","before",299
2021,"Berlin, Germany","during",5035
2021,"Berlin, Germany","after",525
2018,"Berlin, Germany","before",21
2018,"Berlin, Germany","during",132
2018,"Berlin, Germany","after",41
2019,"Berlin, Germany","before",125
2019,"Berlin, Germany","during",353
2019,"Berlin, Germany","after",408
2020,"Birmingham & Black Country, Midlands, UK","before",648
2020,"Birmingham & Black Country, Midlands, UK","during",15973
2020,"Birmingham & Black Country, Midlands, UK","after",625
2021,"Birmingham & Black Country, Midlands, UK","before",345
2021,"Birmingham & Black Country, Midlands, UK","during",9258
2021,"Birmingham & Black Country, Midlands, UK","after",394
2022,"Birmingham & Black Country, Midlands, UK","before",307
2022,"Birmingham & Black Country, Midlands, UK","during",12813
2022,"Birmingham & Black Country, Midlands, UK","after",345
2021,"Birmingham Metro Area, Alabama, USA","before",997
2021,"Birmingham Metro Area, Alabama, USA","during",1209
2021,"Birmingham Metro Area, Alabama, USA","after",869
2019,"Birmingham Metro Area, Alabama, USA","before",488
2019,"Birmingham Metro Area, Alabama, USA","during",3386
2019,"Birmingham Metro Area, Alabama, USA","after",300
2020,"Birmingham Metro Area, Alabama, USA","before",492
2020,"Birmingham Metro Area, Alabama, USA","during",1844
2020,"Birmingham Metro Area, Alabama, USA","after",586
2019,"Bogotá, Colombia","before",166
2019,"Bogotá, Colombia","during",10646
2019,"Bogotá, Colombia","after",280
2022,"Bogotá, Colombia","before",282
2022,"Bogotá, Colombia","during",4626
2022,"Bogotá, Colombia","after",349
2021,"Bogotá, Colombia","before",205
2021,"Bogotá, Colombia","during",6481
2021,"Bogotá, Colombia","after",380
2018,"Bogotá, Colombia","before",121
2018,"Bogotá, Colombia","during",8052
2018,"Bogotá, Colombia","after",93
2021,"Boise, Idaho, USA","before",143
2021,"Boise, Idaho, USA","during",3158
2021,"Boise, Idaho, USA","after",153
2022,"Boise, Idaho, USA","before",139
2022,"Boise, Idaho, USA","during",2251
2022,"Boise, Idaho, USA","after",312
2020,"Bolzano, South Tyrol, Italy","before",14
2020,"Bolzano, South Tyrol, Italy","during",505
2020,"Bolzano, South Tyrol, Italy","after",37
2018,"Boston, Massachusetts, USA","before",675
2018,"Boston, Massachusetts, USA","during",16670
2018,"Boston, Massachusetts, USA","after",903
2021,"Boston, Massachusetts, USA","before",2954
2021,"Boston, Massachusetts, USA","during",24663
2021,"Boston, Massachusetts, USA","after",7023
2019,"Boston, Massachusetts, USA","before",1400
2019,"Boston, Massachusetts, USA","during",20469
2019,"Boston, Massachusetts, USA","after",1529
2020,"Boston, Massachusetts, USA","before",2551
2020,"Boston, Massachusetts, USA","during",15362
2020,"Boston, Massachusetts, USA","after",3723
2022,"Boston, Massachusetts, USA","before",4576
2022,"Boston, Massachusetts, USA","during",21825
2022,"Boston, Massachusetts, USA","after",6184
2019,"Denver-Boulder Metro, Colorado, USA","before",278
2019,"Denver-Boulder Metro, Colorado, USA","during",6379
2019,"Denver-Boulder Metro, Colorado, USA","after",856
2018,"Denver-Boulder Metro, Colorado, USA","before",233
2018,"Denver-Boulder Metro, Colorado, USA","during",8931
2018,"Denver-Boulder Metro, Colorado, USA","after",564
2020,"Denver-Boulder Metro, Colorado, USA","before",635
2020,"Denver-Boulder Metro, Colorado, USA","during",7124
2020,"Denver-Boulder Metro, Colorado, USA","after",1477
2021,"Denver-Boulder Metro, Colorado, USA","before",544
2021,"Denver-Boulder Metro, Colorado, USA","during",4512
2021,"Denver-Boulder Metro, Colorado, USA","after",2175
2022,"Denver-Boulder Metro, Colorado, USA","before",915
2022,"Denver-Boulder Metro, Colorado, USA","during",3139
2022,"Denver-Boulder Metro, Colorado, USA","after",2632
2021,"Brasília, Brasil","before",460
2021,"Brasília, Brasil","during",3643
2021,"Brasília, Brasil","after",317
2022,"Brasília, Brasil","before",504
2022,"Brasília, Brasil","during",2196
2022,"Brasília, Brasil","after",398
2019,"Brasília, Brasil","before",143
2019,"Brasília, Brasil","during",802
2019,"Brasília, Brasil","after",91
2021,"Brighton, Sussex, UK","before",137
2021,"Brighton, Sussex, UK","during",6114
2021,"Brighton, Sussex, UK","after",175
2020,"Brighton, Sussex, UK","before",51
2020,"Brighton, Sussex, UK","during",1923
2020,"Brighton, Sussex, UK","after",137
2022,"Brighton, Sussex, UK","before",186
2022,"Brighton, Sussex, UK","during",7121
2022,"Brighton, Sussex, UK","after",332
2018,"Bristol & Bath City Region, UK","before",190
2018,"Bristol & Bath City Region, UK","during",9474
2018,"Bristol & Bath City Region, UK","after",175
2019,"Bristol & Bath City Region, UK","before",198
2019,"Bristol & Bath City Region, UK","during",15181
2019,"Bristol & Bath City Region, UK","after",347
2020,"Bristol & Bath City Region, UK","before",564
2020,"Bristol & Bath City Region, UK","during",8915
2020,"Bristol & Bath City Region, UK","after",977
2022,"Bristol & Bath City Region, UK","before",791
2022,"Bristol & Bath City Region, UK","during",8006
2022,"Bristol & Bath City Region, UK","after",743
2021,"Bristol & Bath City Region, UK","before",502
2021,"Bristol & Bath City Region, UK","during",8658
2021,"Bristol & Bath City Region, UK","after",645
2021,"Brno, Czech Republic","before",149
2021,"Brno, Czech Republic","during",8034
2021,"Brno, Czech Republic","after",266
2020,"Brno, Czech Republic","before",80
2020,"Brno, Czech Republic","during",2658
2020,"Brno, Czech Republic","after",301
2022,"Brno, Czech Republic","before",184
2022,"Brno, Czech Republic","during",5963
2022,"Brno, Czech Republic","after",289
2022,"Bryan/College Station, Texas, USA","before",260
2022,"Bryan/College Station, Texas, USA","during",1295
2022,"Bryan/College Station, Texas, USA","after",178
2021,"Bucaramanga, Santander, Colombia","before",251
2021,"Bucaramanga, Santander, Colombia","during",8185
2021,"Bucaramanga, Santander, Colombia","after",226
2022,"Bucaramanga, Santander, Colombia","before",29
2022,"Bucaramanga, Santander, Colombia","during",10823
2022,"Bucaramanga, Santander, Colombia","after",204
2021,"Buenos Aires, Argentina","before",615
2021,"Buenos Aires, Argentina","during",2891
2021,"Buenos Aires, Argentina","after",551
2020,"Buenos Aires, Argentina","before",358
2020,"Buenos Aires, Argentina","during",1502
2020,"Buenos Aires, Argentina","after",260
2018,"Buenos Aires, Argentina","before",43
2018,"Buenos Aires, Argentina","during",215
2018,"Buenos Aires, Argentina","after",231
2019,"Buenos Aires, Argentina","before",483
2019,"Buenos Aires, Argentina","during",2664
2019,"Buenos Aires, Argentina","after",227
2022,"Buenos Aires, Argentina","before",265
2022,"Buenos Aires, Argentina","during",1090
2022,"Buenos Aires, Argentina","after",534
2021,"Burlington/Winooski, Vermont, USA","before",522
2021,"Burlington/Winooski, Vermont, USA","during",1936
2021,"Burlington/Winooski, Vermont, USA","after",270
2020,"Calgary, Canada","before",130
2020,"Calgary, Canada","during",5544
2020,"Calgary, Canada","after",612
2021,"Calgary, Canada","before",353
2021,"Calgary, Canada","during",6732
2021,"Calgary, Canada","after",624
2022,"Calgary, Canada","before",248
2022,"Calgary, Canada","during",6776
2022,"Calgary, Canada","after",716
2019,"Calgary, Canada","before",223
2019,"Calgary, Canada","during",4460
2019,"Calgary, Canada","after",191
2022,"Waterloo Region, Ontario, Canada","before",294
2022,"Waterloo Region, Ontario, Canada","during",2051
2022,"Waterloo Region, Ontario, Canada","after",866
2021,"Waterloo Region, Ontario, Canada","before",509
2021,"Waterloo Region, Ontario, Canada","during",2107
2021,"Waterloo Region, Ontario, Canada","after",1193
2018,"Waterloo Region, Ontario, Canada","before",21
2018,"Waterloo Region, Ontario, Canada","during",2582
2018,"Waterloo Region, Ontario, Canada","after",264
2019,"Cape Town, Western Cape, South Africa","before",207
2019,"Cape Town, Western Cape, South Africa","during",53869
2019,"Cape Town, Western Cape, South Africa","after",883
2020,"Cape Town, Western Cape, South Africa","before",585
2020,"Cape Town, Western Cape, South Africa","during",33771
2020,"Cape Town, Western Cape, South Africa","after",415
2021,"Cape Town, Western Cape, South Africa","before",863
2021,"Cape Town, Western Cape, South Africa","during",71214
2021,"Cape Town, Western Cape, South Africa","after",595
2022,"Cape Town, Western Cape, South Africa","before",1526
2022,"Cape Town, Western Cape, South Africa","during",66569
2022,"Cape Town, Western Cape, South Africa","after",1511
2021,"Columbus, Ohio, USA","before",720
2021,"Columbus, Ohio, USA","during",1173
2021,"Columbus, Ohio, USA","after",728
2022,"Columbus, Ohio, USA","before",792
2022,"Columbus, Ohio, USA","during",1741
2022,"Columbus, Ohio, USA","after",1637
2021,"Central Taiwan, Taiwan","before",1471
2021,"Central Taiwan, Taiwan","during",3617
2021,"Central Taiwan, Taiwan","after",1093
2020,"Central Taiwan, Taiwan","before",1131
2020,"Central Taiwan, Taiwan","during",4729
2020,"Central Taiwan, Taiwan","after",1129
2022,"Central Taiwan, Taiwan","before",2216
2022,"Central Taiwan, Taiwan","during",2067
2022,"Central Taiwan, Taiwan","after",409
2021,"Charlotte, North Carolina, USA","before",1044
2021,"Charlotte, North Carolina, USA","during",3068
2021,"Charlotte, North Carolina, USA","after",1692
2020,"Charlotte, North Carolina, USA","before",863
2020,"Charlotte, North Carolina, USA","during",1964
2020,"Charlotte, North Carolina, USA","after",1610
2019,"Charlotte, North Carolina, USA","before",201
2019,"Charlotte, North Carolina, USA","during",8707
2019,"Charlotte, North Carolina, USA","after",308
2022,"Charlotte, North Carolina, USA","before",948
2022,"Charlotte, North Carolina, USA","during",3038
2022,"Charlotte, North Carolina, USA","after",899
2020,"Charlottesville, Virginia, USA","before",319
2020,"Charlottesville, Virginia, USA","during",1489
2020,"Charlottesville, Virginia, USA","after",492
2021,"Charlottesville, Virginia, USA","before",707
2021,"Charlottesville, Virginia, USA","during",1591
2021,"Charlottesville, Virginia, USA","after",693
2022,"Charlottesville, Virginia, USA","before",702
2022,"Charlottesville, Virginia, USA","during",2055
2022,"Charlottesville, Virginia, USA","after",857
2018,"Charlottesville, Virginia, USA","before",41
2018,"Charlottesville, Virginia, USA","during",409
2018,"Charlottesville, Virginia, USA","after",30
2019,"Charlottesville, Virginia, USA","before",129
2019,"Charlottesville, Virginia, USA","during",476
2019,"Charlottesville, Virginia, USA","after",76
2020,"Chattanooga, Tennessee, USA","before",786
2020,"Chattanooga, Tennessee, USA","during",3508
2020,"Chattanooga, Tennessee, USA","after",983
2021,"Chattanooga, Tennessee, USA","before",1666
2021,"Chattanooga, Tennessee, USA","during",3645
2021,"Chattanooga, Tennessee, USA","after",1464
2022,"Chattanooga, Tennessee, USA","before",904
2022,"Chattanooga, Tennessee, USA","during",3198
2022,"Chattanooga, Tennessee, USA","after",1597
2020,"Chiayi-Yunlin, Taiwan","before",408
2020,"Chiayi-Yunlin, Taiwan","during",11884
2020,"Chiayi-Yunlin, Taiwan","after",339
2019,"Chiayi-Yunlin, Taiwan","before",742
2019,"Chiayi-Yunlin, Taiwan","during",10149
2019,"Chiayi-Yunlin, Taiwan","after",148
2021,"Chiayi-Yunlin, Taiwan","before",1195
2021,"Chiayi-Yunlin, Taiwan","during",17329
2021,"Chiayi-Yunlin, Taiwan","after",1494
2022,"Chiayi-Yunlin, Taiwan","before",1671
2022,"Chiayi-Yunlin, Taiwan","during",19460
2022,"Chiayi-Yunlin, Taiwan","after",1899
2021,"Chicago, Illinois, USA","before",4133
2021,"Chicago, Illinois, USA","during",12501
2021,"Chicago, Illinois, USA","after",6363
2022,"Chicago, Illinois, USA","before",2617
2022,"Chicago, Illinois, USA","during",9515
2022,"Chicago, Illinois, USA","after",5106
2018,"Chicago, Illinois, USA","before",399
2018,"Chicago, Illinois, USA","during",6981
2018,"Chicago, Illinois, USA","after",1647
2019,"Chicago, Illinois, USA","before",978
2019,"Chicago, Illinois, USA","during",8137
2019,"Chicago, Illinois, USA","after",2872
2020,"Chicago, Illinois, USA","before",1788
2020,"Chicago, Illinois, USA","during",4451
2020,"Chicago, Illinois, USA","after",2427
2021,"Chiriquí, Panamá","before",44
2021,"Chiriquí, Panamá","during",2291
2021,"Chiriquí, Panamá","after",65
2022,"Chiriquí, Panamá","before",152
2022,"Chiriquí, Panamá","during",4927
2022,"Chiriquí, Panamá","after",241
2020,"Chiriquí, Panamá","before",84
2020,"Chiriquí, Panamá","during",7143
2020,"Chiriquí, Panamá","after",191
2019,"Ōtautahi/Christchurch, Canterbury, New Zealand","before",147
2019,"Ōtautahi/Christchurch, Canterbury, New Zealand","during",17581
2019,"Ōtautahi/Christchurch, Canterbury, New Zealand","after",449
2020,"Ōtautahi/Christchurch, Canterbury, New Zealand","before",737
2020,"Ōtautahi/Christchurch, Canterbury, New Zealand","during",7640
2020,"Ōtautahi/Christchurch, Canterbury, New Zealand","after",531
2021,"Ōtautahi/Christchurch, Canterbury, New Zealand","before",184
2021,"Ōtautahi/Christchurch, Canterbury, New Zealand","during",11455
2021,"Ōtautahi/Christchurch, Canterbury, New Zealand","after",203
2022,"Ōtautahi/Christchurch, Canterbury, New Zealand","before",446
2022,"Ōtautahi/Christchurch, Canterbury, New Zealand","during",9770
2022,"Ōtautahi/Christchurch, Canterbury, New Zealand","after",204
2022,"Chur, Chur, Switzerland","before",2023
2022,"Chur, Chur, Switzerland","during",10632
2022,"Chur, Chur, Switzerland","after",4744
2021,"Cincinnati, Ohio, USA","before",1109
2021,"Cincinnati, Ohio, USA","during",3459
2021,"Cincinnati, Ohio, USA","after",707
2022,"Cincinnati, Ohio, USA","before",645
2022,"Cincinnati, Ohio, USA","during",3318
2022,"Cincinnati, Ohio, USA","after",846
2022,"Tri-Cities, British Columbia, Canada","before",121
2022,"Tri-Cities, British Columbia, Canada","during",2568
2022,"Tri-Cities, British Columbia, Canada","after",210
2019,"Ciudad de México, México","before",315
2019,"Ciudad de México, México","during",9848
2019,"Ciudad de México, México","after",354
2021,"Ciudad de México, México","before",638
2021,"Ciudad de México, México","during",5229
2021,"Ciudad de México, México","after",804
2022,"Ciudad de México, México","before",881
2022,"Ciudad de México, México","during",8563
2022,"Ciudad de México, México","after",830
2021,"Ciudad de Panamá, Panamá","before",191
2021,"Ciudad de Panamá, Panamá","during",3093
2021,"Ciudad de Panamá, Panamá","after",254
2019,"Ciudad de Panamá, Panamá","before",546
2019,"Ciudad de Panamá, Panamá","during",5216
2019,"Ciudad de Panamá, Panamá","after",395
2022,"Ciudad de Panamá, Panamá","before",138
2022,"Ciudad de Panamá, Panamá","during",5065
2022,"Ciudad de Panamá, Panamá","after",263
2020,"Ciudad de Panamá, Panamá","before",56
2020,"Ciudad de Panamá, Panamá","during",2364
2020,"Ciudad de Panamá, Panamá","after",120
2018,"Cleveland-Akron-Canton, OH, USA","before",467
2018,"Cleveland-Akron-Canton, OH, USA","during",6610
2018,"Cleveland-Akron-Canton, OH, USA","after",1374
2019,"Cleveland-Akron-Canton, OH, USA","before",840
2019,"Cleveland-Akron-Canton, OH, USA","during",4297
2019,"Cleveland-Akron-Canton, OH, USA","after",1661
2020,"Cleveland-Akron-Canton, OH, USA","before",1256
2020,"Cleveland-Akron-Canton, OH, USA","during",6248
2020,"Cleveland-Akron-Canton, OH, USA","after",2031
2021,"Cleveland-Akron-Canton, OH, USA","before",2493
2021,"Cleveland-Akron-Canton, OH, USA","during",7227
2021,"Cleveland-Akron-Canton, OH, USA","after",3118
2022,"Cleveland-Akron-Canton, OH, USA","before",1433
2022,"Cleveland-Akron-Canton, OH, USA","during",6303
2022,"Cleveland-Akron-Canton, OH, USA","after",4427
2020,"Colón, Panamá","before",40
2020,"Colón, Panamá","during",3803
2020,"Colón, Panamá","after",93
2021,"Colón, Panamá","before",25
2021,"Colón, Panamá","during",1340
2021,"Colón, Panamá","after",19
2022,"Colón, Panamá","before",135
2022,"Colón, Panamá","during",500
2022,"Colón, Panamá","after",93
2019,"Colorado Springs, Colorado, USA","before",67
2019,"Colorado Springs, Colorado, USA","during",3861
2019,"Colorado Springs, Colorado, USA","after",183
2020,"Colorado Springs, Colorado, USA","before",36
2020,"Colorado Springs, Colorado, USA","during",3470
2020,"Colorado Springs, Colorado, USA","after",195
2021,"Colorado Springs, Colorado, USA","before",71
2021,"Colorado Springs, Colorado, USA","during",996
2021,"Colorado Springs, Colorado, USA","after",387
2022,"Colorado Springs, Colorado, USA","before",152
2022,"Colorado Springs, Colorado, USA","during",777
2022,"Colorado Springs, Colorado, USA","after",440
2020,"Copenhagen, Denmark","before",64
2020,"Copenhagen, Denmark","during",1673
2020,"Copenhagen, Denmark","after",529
2021,"Copenhagen, Denmark","before",545
2021,"Copenhagen, Denmark","during",2216
2021,"Copenhagen, Denmark","after",548
2022,"Copenhagen, Denmark","before",276
2022,"Copenhagen, Denmark","during",2014
2022,"Copenhagen, Denmark","after",356
2019,"Corpus Christi, Texas, USA","before",227
2019,"Corpus Christi, Texas, USA","during",3053
2019,"Corpus Christi, Texas, USA","after",282
2021,"Corpus Christi, Texas, USA","before",830
2021,"Corpus Christi, Texas, USA","during",2137
2021,"Corpus Christi, Texas, USA","after",624
2022,"Corpus Christi, Texas, USA","before",1127
2022,"Corpus Christi, Texas, USA","during",1518
2022,"Corpus Christi, Texas, USA","after",216
2021,"Cosalá, Sinaloa, México","before",7
2021,"Cosalá, Sinaloa, México","during",3749
2021,"Cosalá, Sinaloa, México","after",10
2022,"Cosalá, Sinaloa, México","before",24
2022,"Cosalá, Sinaloa, México","during",10883
2022,"Cosalá, Sinaloa, México","after",9
2021,"Orange County, California, USA","before",1493
2021,"Orange County, California, USA","during",3461
2021,"Orange County, California, USA","after",1958
2020,"Orange County, California, USA","before",1133
2020,"Orange County, California, USA","during",4037
2020,"Orange County, California, USA","after",1401
2022,"Orange County, California, USA","before",4633
2022,"Orange County, California, USA","during",2163
2022,"Orange County, California, USA","after",1376
2019,"Cuernavaca, Morelos, México","before",52
2019,"Cuernavaca, Morelos, México","during",910
2019,"Cuernavaca, Morelos, México","after",18
2022,"Cuernavaca, Morelos, México","before",179
2022,"Cuernavaca, Morelos, México","during",4414
2022,"Cuernavaca, Morelos, México","after",76
2021,"Cuernavaca, Morelos, México","before",121
2021,"Cuernavaca, Morelos, México","during",7494
2021,"Cuernavaca, Morelos, México","after",85
2022,"Culiacán, Sinaloa, México","before",151
2022,"Culiacán, Sinaloa, México","during",11686
2022,"Culiacán, Sinaloa, México","after",151
2021,"Curitiba, Paraná, Brazil","before",215
2021,"Curitiba, Paraná, Brazil","during",3797
2021,"Curitiba, Paraná, Brazil","after",194
2018,"Curitiba, Paraná, Brazil","before",31
2018,"Curitiba, Paraná, Brazil","during",911
2018,"Curitiba, Paraná, Brazil","after",158
2020,"Curitiba, Paraná, Brazil","before",89
2020,"Curitiba, Paraná, Brazil","during",2451
2020,"Curitiba, Paraná, Brazil","after",140
2022,"Curitiba, Paraná, Brazil","before",245
2022,"Curitiba, Paraná, Brazil","during",2400
2022,"Curitiba, Paraná, Brazil","after",193
2019,"Curitiba, Paraná, Brazil","before",107
2019,"Curitiba, Paraná, Brazil","during",75
2019,"Curitiba, Paraná, Brazil","after",27
2019,"Dallas-Fort Worth, Texas, USA","before",3308
2019,"Dallas-Fort Worth, Texas, USA","during",36538
2019,"Dallas-Fort Worth, Texas, USA","after",3195
2021,"Dallas-Fort Worth, Texas, USA","before",6803
2021,"Dallas-Fort Worth, Texas, USA","during",37700
2021,"Dallas-Fort Worth, Texas, USA","after",6061
2020,"Dallas-Fort Worth, Texas, USA","before",5277
2020,"Dallas-Fort Worth, Texas, USA","during",32836
2020,"Dallas-Fort Worth, Texas, USA","after",7681
2018,"Dallas-Fort Worth, Texas, USA","before",2903
2018,"Dallas-Fort Worth, Texas, USA","during",35074
2018,"Dallas-Fort Worth, Texas, USA","after",2533
2022,"Dallas-Fort Worth, Texas, USA","before",7204
2022,"Dallas-Fort Worth, Texas, USA","during",42147
2022,"Dallas-Fort Worth, Texas, USA","after",6026
2020,"Davao City, Philippines","before",23
2020,"Davao City, Philippines","during",3601
2020,"Davao City, Philippines","after",16
2021,"Davao City, Philippines","before",3
2021,"Davao City, Philippines","during",4395
2021,"Davao City, Philippines","after",1224
2022,"Davao City, Philippines","before",51
2022,"Davao City, Philippines","during",3626
2022,"Davao City, Philippines","after",12
2021,"Edinburgh, Scotland","before",285
2021,"Edinburgh, Scotland","during",1332
2021,"Edinburgh, Scotland","after",412
2022,"Edinburgh, Scotland","before",334
2022,"Edinburgh, Scotland","during",996
2022,"Edinburgh, Scotland","after",387
2018,"El Paso, Texas, USA","before",340
2018,"El Paso, Texas, USA","during",307
2018,"El Paso, Texas, USA","after",24
2019,"El Paso, Texas, USA","before",382
2019,"El Paso, Texas, USA","during",1186
2019,"El Paso, Texas, USA","after",35
2020,"El Paso, Texas, USA","before",142
2020,"El Paso, Texas, USA","during",1503
2020,"El Paso, Texas, USA","after",136
2021,"El Paso, Texas, USA","before",320
2021,"El Paso, Texas, USA","during",1073
2021,"El Paso, Texas, USA","after",68
2022,"El Paso, Texas, USA","before",494
2022,"El Paso, Texas, USA","during",2748
2022,"El Paso, Texas, USA","after",80
2019,"Ensenada, Baja California, México","before",351
2019,"Ensenada, Baja California, México","during",11215
2019,"Ensenada, Baja California, México","after",418
2020,"Ensenada, Baja California, México","before",163
2020,"Ensenada, Baja California, México","during",7576
2020,"Ensenada, Baja California, México","after",452
2021,"Ensenada, Baja California, México","before",711
2021,"Ensenada, Baja California, México","during",6976
2021,"Ensenada, Baja California, México","after",334
2022,"Ensenada, Baja California, México","before",598
2022,"Ensenada, Baja California, México","during",8139
2022,"Ensenada, Baja California, México","after",353
2022,"Erie, Pennsylvania, USA","before",156
2022,"Erie, Pennsylvania, USA","during",2447
2022,"Erie, Pennsylvania, USA","after",198
2020,"eThekwini, Kwa-Zulu Natal, South Africa","before",186
2020,"eThekwini, Kwa-Zulu Natal, South Africa","during",2071
2020,"eThekwini, Kwa-Zulu Natal, South Africa","after",161
2021,"eThekwini, Kwa-Zulu Natal, South Africa","before",104
2021,"eThekwini, Kwa-Zulu Natal, South Africa","during",7416
2021,"eThekwini, Kwa-Zulu Natal, South Africa","after",173
2022,"eThekwini, Kwa-Zulu Natal, South Africa","before",260
2022,"eThekwini, Kwa-Zulu Natal, South Africa","during",12964
2022,"eThekwini, Kwa-Zulu Natal, South Africa","after",207
2020,"Eugene-Springfield, Oregon, USA","before",322
2020,"Eugene-Springfield, Oregon, USA","during",2878
2020,"Eugene-Springfield, Oregon, USA","after",356
2021,"Eugene-Springfield, Oregon, USA","before",506
2021,"Eugene-Springfield, Oregon, USA","during",2378
2021,"Eugene-Springfield, Oregon, USA","after",1010
2022,"Eugene-Springfield, Oregon, USA","before",386
2022,"Eugene-Springfield, Oregon, USA","during",726
2022,"Eugene-Springfield, Oregon, USA","after",756
2019,"Eugene-Springfield, Oregon, USA","before",114
2019,"Eugene-Springfield, Oregon, USA","during",2851
2019,"Eugene-Springfield, Oregon, USA","after",123
2021,"Fairfield and Westchester County, Connecticut and New York, USA","before",1075
2021,"Fairfield and Westchester County, Connecticut and New York, USA","during",2791
2021,"Fairfield and Westchester County, Connecticut and New York, USA","after",1343
2022,"Fairfield and Westchester County, Connecticut and New York, USA","before",1344
2022,"Fairfield and Westchester County, Connecticut and New York, USA","during",2720
2022,"Fairfield and Westchester County, Connecticut and New York, USA","after",1158
2020,"Fairfield and Westchester County, Connecticut and New York, USA","before",663
2020,"Fairfield and Westchester County, Connecticut and New York, USA","during",3196
2020,"Fairfield and Westchester County, Connecticut and New York, USA","after",1069
2019,"Northern Colorado, Colorado, USA","before",31
2019,"Northern Colorado, Colorado, USA","during",2012
2019,"Northern Colorado, Colorado, USA","after",63
2020,"Northern Colorado, Colorado, USA","before",113
2020,"Northern Colorado, Colorado, USA","during",961
2020,"Northern Colorado, Colorado, USA","after",431
2022,"Northern Colorado, Colorado, USA","before",236
2022,"Northern Colorado, Colorado, USA","during",661
2022,"Northern Colorado, Colorado, USA","after",654
2021,"Fort Wayne, Indiana, USA","before",240
2021,"Fort Wayne, Indiana, USA","during",1500
2021,"Fort Wayne, Indiana, USA","after",205
2020,"Fort Wayne, Indiana, USA","before",146
2020,"Fort Wayne, Indiana, USA","during",1983
2020,"Fort Wayne, Indiana, USA","after",237
2022,"Fort Wayne, Indiana, USA","before",178
2022,"Fort Wayne, Indiana, USA","during",1142
2022,"Fort Wayne, Indiana, USA","after",793
2022,"GAM, San José, Costa Rica","before",171
2022,"GAM, San José, Costa Rica","during",2830
2022,"GAM, San José, Costa Rica","after",168
2021,"GAM, San José, Costa Rica","before",140
2021,"GAM, San José, Costa Rica","during",2674
2021,"GAM, San José, Costa Rica","after",195
2020,"GAM, San José, Costa Rica","before",183
2020,"GAM, San José, Costa Rica","during",2131
2020,"GAM, San José, Costa Rica","after",216
2021,"Garden Route, Western Cape, South Africa","before",484
2021,"Garden Route, Western Cape, South Africa","during",20377
2021,"Garden Route, Western Cape, South Africa","after",820
2020,"Garden Route, Western Cape, South Africa","before",627
2020,"Garden Route, Western Cape, South Africa","during",17640
2020,"Garden Route, Western Cape, South Africa","after",484
2022,"Garden Route, Western Cape, South Africa","before",1235
2022,"Garden Route, Western Cape, South Africa","during",16256
2022,"Garden Route, Western Cape, South Africa","after",989
2020,"Geelong, Victoria, Australia","before",289
2020,"Geelong, Victoria, Australia","during",5954
2020,"Geelong, Victoria, Australia","after",248
2021,"Geelong, Victoria, Australia","before",330
2021,"Geelong, Victoria, Australia","during",3400
2021,"Geelong, Victoria, Australia","after",269
2022,"Geelong, Victoria, Australia","before",547
2022,"Geelong, Victoria, Australia","during",2692
2022,"Geelong, Victoria, Australia","after",1046
2019,"Glasgow, Scotland","before",10
2019,"Glasgow, Scotland","during",134
2019,"Glasgow, Scotland","after",18
2020,"Glasgow, Scotland","before",75
2020,"Glasgow, Scotland","during",2059
2020,"Glasgow, Scotland","after",280
2021,"Glasgow, Scotland","before",88
2021,"Glasgow, Scotland","during",1383
2021,"Glasgow, Scotland","after",282
2022,"Glasgow, Scotland","before",273
2022,"Glasgow, Scotland","during",1892
2022,"Glasgow, Scotland","after",222
2021,"Graz, Styria, Austria","before",188
2021,"Graz, Styria, Austria","during",17203
2021,"Graz, Styria, Austria","after",484
2020,"Graz, Styria, Austria","before",218
2020,"Graz, Styria, Austria","during",5113
2020,"Graz, Styria, Austria","after",387
2022,"Graz, Styria, Austria","before",263
2022,"Graz, Styria, Austria","during",16881
2022,"Graz, Styria, Austria","after",615
2022,"Burlington/Winooski, Vermont, USA","before",336
2022,"Burlington/Winooski, Vermont, USA","during",3696
2022,"Burlington/Winooski, Vermont, USA","after",269
2018,"Cabarrus County, North Carolina, USA","before",71
2018,"Cabarrus County, North Carolina, USA","during",6943
2018,"Cabarrus County, North Carolina, USA","after",41
2021,"Greensboro, North Carolina, USA","before",1330
2021,"Greensboro, North Carolina, USA","during",2503
2021,"Greensboro, North Carolina, USA","after",895
2022,"Greensboro, North Carolina, USA","before",974
2022,"Greensboro, North Carolina, USA","during",1926
2022,"Greensboro, North Carolina, USA","after",866
2022,"Guatemala, Guatemala","before",80
2022,"Guatemala, Guatemala","during",2995
2022,"Guatemala, Guatemala","after",212
2020,"Guimarães, Portugal","before",8
2020,"Guimarães, Portugal","during",4
2020,"Guimarães, Portugal","after",18
2021,"Guimarães, Portugal","before",15
2021,"Guimarães, Portugal","during",29
2021,"Guimarães, Portugal","after",50
2022,"Guimarães, Portugal","before",21
2022,"Guimarães, Portugal","during",48
2022,"Guimarães, Portugal","after",43
2018,"Guimarães, Portugal","before",1
2018,"Guimarães, Portugal","during",0
2018,"Guimarães, Portugal","after",0
2020,"Halifax Regional Municipality, Nova Scotia, Canada","before",229
2020,"Halifax Regional Municipality, Nova Scotia, Canada","during",4365
2020,"Halifax Regional Municipality, Nova Scotia, Canada","after",395
2021,"Halifax Regional Municipality, Nova Scotia, Canada","before",226
2021,"Halifax Regional Municipality, Nova Scotia, Canada","during",5745
2021,"Halifax Regional Municipality, Nova Scotia, Canada","after",792
2022,"Halifax Regional Municipality, Nova Scotia, Canada","before",649
2022,"Halifax Regional Municipality, Nova Scotia, Canada","during",5996
2022,"Halifax Regional Municipality, Nova Scotia, Canada","after",510
2019,"Halifax Regional Municipality, Nova Scotia, Canada","before",149
2019,"Halifax Regional Municipality, Nova Scotia, Canada","during",7647
2019,"Halifax Regional Municipality, Nova Scotia, Canada","after",190
2021,"Hamilton, Ontario, Canada","before",706
2021,"Hamilton, Ontario, Canada","during",3328
2021,"Hamilton, Ontario, Canada","after",1103
2022,"Hamilton, Ontario, Canada","before",435
2022,"Hamilton, Ontario, Canada","during",2136
2022,"Hamilton, Ontario, Canada","after",544
2021,"Hampton Roads, Virginia, USA","before",524
2021,"Hampton Roads, Virginia, USA","during",1351
2021,"Hampton Roads, Virginia, USA","after",382
2022,"Hampton Roads, Virginia, USA","before",1256
2022,"Hampton Roads, Virginia, USA","during",2649
2022,"Hampton Roads, Virginia, USA","after",805
2021,"Heart of Texas, Texas, USA","before",787
2021,"Heart of Texas, Texas, USA","during",4271
2021,"Heart of Texas, Texas, USA","after",1099
2022,"Heart of Texas, Texas, USA","before",1011
2022,"Heart of Texas, Texas, USA","during",5079
2022,"Heart of Texas, Texas, USA","after",775
2022,"Hollywood, Florida, USA","before",384
2022,"Hollywood, Florida, USA","during",2637
2022,"Hollywood, Florida, USA","after",261
2020,"Honduras","before",244
2020,"Honduras","during",2219
2020,"Honduras","after",352
2021,"Honduras","before",562
2021,"Honduras","during",3701
2021,"Honduras","after",1151
2018,"Hong Kong","before",1266
2018,"Hong Kong","during",20682
2018,"Hong Kong","after",1504
2019,"Hong Kong","before",948
2019,"Hong Kong","during",31553
2019,"Hong Kong","after",2649
2020,"Hong Kong","before",1887
2020,"Hong Kong","during",17266
2020,"Hong Kong","after",2090
2021,"Hong Kong","before",2130
2021,"Hong Kong","during",29859
2021,"Hong Kong","after",2318
2022,"Hong Kong","before",3111
2022,"Hong Kong","during",33292
2022,"Hong Kong","after",2220
2020,"Oahu, Hawaii, USA","before",84
2020,"Oahu, Hawaii, USA","during",461
2020,"Oahu, Hawaii, USA","after",94
2021,"Oahu, Hawaii, USA","before",466
2021,"Oahu, Hawaii, USA","during",1095
2021,"Oahu, Hawaii, USA","after",426
2022,"Oahu, Hawaii, USA","before",299
2022,"Oahu, Hawaii, USA","during",1580
2022,"Oahu, Hawaii, USA","after",607
2018,"Houston-Galveston, Texas, USA","before",1380
2018,"Houston-Galveston, Texas, USA","during",22384
2018,"Houston-Galveston, Texas, USA","after",1345
2019,"Houston-Galveston, Texas, USA","before",2429
2019,"Houston-Galveston, Texas, USA","during",24605
2019,"Houston-Galveston, Texas, USA","after",1744
2020,"Houston-Galveston, Texas, USA","before",3636
2020,"Houston-Galveston, Texas, USA","during",27668
2020,"Houston-Galveston, Texas, USA","after",3695
2021,"Houston-Galveston, Texas, USA","before",5126
2021,"Houston-Galveston, Texas, USA","during",34317
2021,"Houston-Galveston, Texas, USA","after",2786
2022,"Houston-Galveston, Texas, USA","before",5319
2022,"Houston-Galveston, Texas, USA","during",32117
2022,"Houston-Galveston, Texas, USA","after",3456
2020,"Hsinchu, Taiwan","before",356
2020,"Hsinchu, Taiwan","during",7991
2020,"Hsinchu, Taiwan","after",765
2021,"Hsinchu, Taiwan","before",482
2021,"Hsinchu, Taiwan","during",3580
2021,"Hsinchu, Taiwan","after",592
2022,"Hsinchu, Taiwan","before",336
2022,"Hsinchu, Taiwan","during",7822
2022,"Hsinchu, Taiwan","after",197
2018,"Indianapolis, Indiana, USA","before",88
2018,"Indianapolis, Indiana, USA","during",3738
2018,"Indianapolis, Indiana, USA","after",467
2019,"Indianapolis, Indiana, USA","before",290
2019,"Indianapolis, Indiana, USA","during",2911
2019,"Indianapolis, Indiana, USA","after",548
2020,"Indianapolis, Indiana, USA","before",787
2020,"Indianapolis, Indiana, USA","during",4574
2020,"Indianapolis, Indiana, USA","after",591
2021,"Indianapolis, Indiana, USA","before",1955
2021,"Indianapolis, Indiana, USA","during",4426
2021,"Indianapolis, Indiana, USA","after",832
2022,"Indianapolis, Indiana, USA","before",643
2022,"Indianapolis, Indiana, USA","during",5126
2022,"Indianapolis, Indiana, USA","after",1092
2020,"Inland Empire, California, USA","before",2206
2020,"Inland Empire, California, USA","during",11539
2020,"Inland Empire, California, USA","after",3466
2021,"Inland Empire, California, USA","before",3405
2021,"Inland Empire, California, USA","during",11251
2021,"Inland Empire, California, USA","after",3797
2022,"Inland Empire, California, USA","before",5145
2022,"Inland Empire, California, USA","during",7426
2022,"Inland Empire, California, USA","after",3866
2021,"Ithaca, New York, USA","before",969
2021,"Ithaca, New York, USA","during",3282
2021,"Ithaca, New York, USA","after",1465
2022,"Ithaca, New York, USA","before",627
2022,"Ithaca, New York, USA","during",1903
2022,"Ithaca, New York, USA","after",1484
2020,"Kansas City, Missouri, USA","before",288
2020,"Kansas City, Missouri, USA","during",706
2020,"Kansas City, Missouri, USA","after",545
2021,"Kansas City, Missouri, USA","before",372
2021,"Kansas City, Missouri, USA","during",1173
2021,"Kansas City, Missouri, USA","after",421
2022,"Kansas City, Missouri, USA","before",545
2022,"Kansas City, Missouri, USA","during",1943
2022,"Kansas City, Missouri, USA","after",485
2020,"Kaohsiung, Taiwan","before",253
2020,"Kaohsiung, Taiwan","during",1051
2020,"Kaohsiung, Taiwan","after",236
2021,"Kaohsiung, Taiwan","before",317
2021,"Kaohsiung, Taiwan","during",799
2021,"Kaohsiung, Taiwan","after",145
2022,"Kaohsiung, Taiwan","before",469
2022,"Kaohsiung, Taiwan","during",2579
2022,"Kaohsiung, Taiwan","after",439
2022,"Okanagan Valley, British Columbia, Canada","before",830
2022,"Okanagan Valley, British Columbia, Canada","during",2610
2022,"Okanagan Valley, British Columbia, Canada","after",1480
2021,"Kiel, Schleswig-Holstein, Germany","before",143
2021,"Kiel, Schleswig-Holstein, Germany","during",5367
2021,"Kiel, Schleswig-Holstein, Germany","after",190
2022,"Kiel, Schleswig-Holstein, Germany","before",113
2022,"Kiel, Schleswig-Holstein, Germany","during",4293
2022,"Kiel, Schleswig-Holstein, Germany","after",360
2018,"Klang Valley (Kuala Lumpur), Malaysia","before",46
2018,"Klang Valley (Kuala Lumpur), Malaysia","during",22031
2018,"Klang Valley (Kuala Lumpur), Malaysia","after",13
2019,"Klang Valley (Kuala Lumpur), Malaysia","before",73
2019,"Klang Valley (Kuala Lumpur), Malaysia","during",37900
2019,"Klang Valley (Kuala Lumpur), Malaysia","after",48
2021,"Klang Valley (Kuala Lumpur), Malaysia","before",578
2021,"Klang Valley (Kuala Lumpur), Malaysia","during",9418
2021,"Klang Valley (Kuala Lumpur), Malaysia","after",334
2022,"Klang Valley (Kuala Lumpur), Malaysia","before",271
2022,"Klang Valley (Kuala Lumpur), Malaysia","during",2134
2022,"Klang Valley (Kuala Lumpur), Malaysia","after",173
2021,"Knox Area (Knoxville), Tennessee, USA","before",1233
2021,"Knox Area (Knoxville), Tennessee, USA","during",2346
2021,"Knox Area (Knoxville), Tennessee, USA","after",1581
2022,"Knox Area (Knoxville), Tennessee, USA","before",1416
2022,"Knox Area (Knoxville), Tennessee, USA","during",3476
2022,"Knox Area (Knoxville), Tennessee, USA","after",918
2022,"Elota, Sinaloa, México","before",100
2022,"Elota, Sinaloa, México","during",6286
2022,"Elota, Sinaloa, México","after",55
2019,"La Paz, Bolivia","before",703
2019,"La Paz, Bolivia","during",47637
2019,"La Paz, Bolivia","after",261
2020,"La Paz, Bolivia","before",16
2020,"La Paz, Bolivia","during",3372
2020,"La Paz, Bolivia","after",36
2021,"La Paz, Bolivia","before",23
2021,"La Paz, Bolivia","during",492
2021,"La Paz, Bolivia","after",81
2022,"La Paz, Bolivia","before",805
2022,"La Paz, Bolivia","during",138218
2022,"La Paz, Bolivia","after",415
2020,"Lancashire, UK","before",953
2020,"Lancashire, UK","during",5322
2020,"Lancashire, UK","after",860
2021,"Lancashire, UK","before",286
2021,"Lancashire, UK","during",2991
2021,"Lancashire, UK","after",336
2022,"Lancashire, UK","before",371
2022,"Lancashire, UK","during",3849
2022,"Lancashire, UK","after",399
2022,"Lexington, Kentucky, USA","before",244
2022,"Lexington, Kentucky, USA","during",2665
2022,"Lexington, Kentucky, USA","after",157
2021,"Lexington, Kentucky, USA","before",284
2021,"Lexington, Kentucky, USA","during",2560
2021,"Lexington, Kentucky, USA","after",89
2019,"Lima, Perú","before",65
2019,"Lima, Perú","during",918
2019,"Lima, Perú","after",38
2021,"Lima, Perú","before",534
2021,"Lima, Perú","during",4113
2021,"Lima, Perú","after",155
2022,"Liverpool City Region, UK","before",434
2022,"Liverpool City Region, UK","during",7753
2022,"Liverpool City Region, UK","after",964
2021,"Liverpool City Region, UK","before",840
2021,"Liverpool City Region, UK","during",8922
2021,"Liverpool City Region, UK","after",877
2020,"Liverpool City Region, UK","before",2965
2020,"Liverpool City Region, UK","during",5956
2020,"Liverpool City Region, UK","after",1194
2019,"Liverpool City Region, UK","before",770
2019,"Liverpool City Region, UK","during",12424
2019,"Liverpool City Region, UK","after",1402
2022,"London, UK","before",1516
2022,"London, UK","during",4480
2022,"London, UK","after",1442
2018,"London, UK","before",285
2018,"London, UK","during",2602
2018,"London, UK","after",377
2020,"London, UK","before",718
2020,"London, UK","during",5790
2020,"London, UK","after",1294
2021,"London, UK","before",1223
2021,"London, UK","during",4782
2021,"London, UK","after",1176
2019,"London, UK","before",434
2019,"London, UK","during",5369
2019,"London, UK","after",674
2018,"Los Angeles County, California, USA","before",2284
2018,"Los Angeles County, California, USA","during",19451
2018,"Los Angeles County, California, USA","after",2684
2019,"Los Angeles County, California, USA","before",3883
2019,"Los Angeles County, California, USA","during",34491
2019,"Los Angeles County, California, USA","after",3569
2020,"Los Angeles County, California, USA","before",3671
2020,"Los Angeles County, California, USA","during",19603
2020,"Los Angeles County, California, USA","after",5706
2021,"Los Angeles County, California, USA","before",5824
2021,"Los Angeles County, California, USA","during",22541
2021,"Los Angeles County, California, USA","after",4812
2022,"Los Angeles County, California, USA","before",6086
2022,"Los Angeles County, California, USA","during",19599
2022,"Los Angeles County, California, USA","after",5515
2022,"Louisville Metro, Kentucky, USA","before",637
2022,"Louisville Metro, Kentucky, USA","during",2642
2022,"Louisville Metro, Kentucky, USA","after",385
2018,"Lower Rio Grande Valley, Texas, USA","before",642
2018,"Lower Rio Grande Valley, Texas, USA","during",8865
2018,"Lower Rio Grande Valley, Texas, USA","after",406
2019,"Lower Rio Grande Valley, Texas, USA","before",744
2019,"Lower Rio Grande Valley, Texas, USA","during",9036
2019,"Lower Rio Grande Valley, Texas, USA","after",238
2020,"Lower Rio Grande Valley, Texas, USA","before",511
2020,"Lower Rio Grande Valley, Texas, USA","during",7499
2020,"Lower Rio Grande Valley, Texas, USA","after",387
2021,"Lower Rio Grande Valley, Texas, USA","before",701
2021,"Lower Rio Grande Valley, Texas, USA","during",8086
2021,"Lower Rio Grande Valley, Texas, USA","after",442
2022,"Lower Rio Grande Valley, Texas, USA","before",989
2022,"Lower Rio Grande Valley, Texas, USA","during",11580
2022,"Lower Rio Grande Valley, Texas, USA","after",461
2019,"Luxembourg, Luxembourg","before",23
2019,"Luxembourg, Luxembourg","during",7928
2019,"Luxembourg, Luxembourg","after",20
2020,"Luxembourg, Luxembourg","before",591
2020,"Luxembourg, Luxembourg","during",6048
2020,"Luxembourg, Luxembourg","after",1363
2021,"Luxembourg, Luxembourg","before",726
2021,"Luxembourg, Luxembourg","during",5410
2021,"Luxembourg, Luxembourg","after",802
2022,"Luxembourg, Luxembourg","before",1497
2022,"Luxembourg, Luxembourg","during",7713
2022,"Luxembourg, Luxembourg","after",1599
2022,"Madison Metro Area, Wisconsin, USA","before",568
2022,"Madison Metro Area, Wisconsin, USA","during",2063
2022,"Madison Metro Area, Wisconsin, USA","after",1861
2018,"Madrid, Spain","before",16
2018,"Madrid, Spain","during",694
2018,"Madrid, Spain","after",19
2019,"Madrid, Spain","before",231
2019,"Madrid, Spain","during",367
2019,"Madrid, Spain","after",42
2020,"Madrid, Spain","before",8
2020,"Madrid, Spain","during",61
2020,"Madrid, Spain","after",102
2022,"Madrid, Spain","before",75
2022,"Madrid, Spain","during",213
2022,"Madrid, Spain","after",171
2020,"Managua, Nicaragua","before",7
2020,"Managua, Nicaragua","during",903
2020,"Managua, Nicaragua","after",8
2021,"Nicaragua","before",113
2021,"Nicaragua","during",2813
2021,"Nicaragua","after",220
2019,"Greater Manchester, UK","before",48
2019,"Greater Manchester, UK","during",5114
2019,"Greater Manchester, UK","after",182
2020,"Greater Manchester, UK","before",650
2020,"Greater Manchester, UK","during",4768
2020,"Greater Manchester, UK","after",397
2021,"Greater Manchester, UK","before",251
2021,"Greater Manchester, UK","during",1854
2021,"Greater Manchester, UK","after",163
2022,"Greater Manchester, UK","before",376
2022,"Greater Manchester, UK","during",2256
2022,"Greater Manchester, UK","after",419
2019,"Mazatlán, Sinaloa, México","before",227
2019,"Mazatlán, Sinaloa, México","during",27867
2019,"Mazatlán, Sinaloa, México","after",285
2021,"Mazatlán, Sinaloa, México","before",113
2021,"Mazatlán, Sinaloa, México","during",15910
2021,"Mazatlán, Sinaloa, México","after",75
2022,"Mazatlán, Sinaloa, México","before",169
2022,"Mazatlán, Sinaloa, México","during",22620
2022,"Mazatlán, Sinaloa, México","after",244
2019,"Medellín, Colombia","before",355
2019,"Medellín, Colombia","during",14133
2019,"Medellín, Colombia","after",152
2022,"Melbourne, Victoria, Australia","before",1689
2022,"Melbourne, Victoria, Australia","during",12744
2022,"Melbourne, Victoria, Australia","after",1951
2021,"Melbourne, Victoria, Australia","before",335
2021,"Melbourne, Victoria, Australia","during",8001
2021,"Melbourne, Victoria, Australia","after",225
2022,"Memphis, Tennessee, Mississippi, Arkansas, USA","before",355
2022,"Memphis, Tennessee, Mississippi, Arkansas, USA","during",1838
2022,"Memphis, Tennessee, Mississippi, Arkansas, USA","after",395
2020,"Mendocino County, California, USA","before",306
2020,"Mendocino County, California, USA","during",1431
2020,"Mendocino County, California, USA","after",387
2021,"Mendocino County, California, USA","before",640
2021,"Mendocino County, California, USA","during",1904
2021,"Mendocino County, California, USA","after",465
2021,"Valle de Aburrá, Antioquia, Colombia","before",141
2021,"Valle de Aburrá, Antioquia, Colombia","during",5189
2021,"Valle de Aburrá, Antioquia, Colombia","after",145
2022,"Valle de Aburrá, Antioquia, Colombia","before",458
2022,"Valle de Aburrá, Antioquia, Colombia","during",10254
2022,"Valle de Aburrá, Antioquia, Colombia","after",827
2019,"Miami, Florida, USA","before",655
2019,"Miami, Florida, USA","during",12177
2019,"Miami, Florida, USA","after",551
2018,"Miami, Florida, USA","before",330
2018,"Miami, Florida, USA","during",3915
2018,"Miami, Florida, USA","after",185
2021,"Milazzo, Messina, Italy","before",11
2021,"Milazzo, Messina, Italy","during",3395
2021,"Milazzo, Messina, Italy","after",0
2022,"Milazzo, Messina, Italy","before",8
2022,"Milazzo, Messina, Italy","during",10148
2022,"Milazzo, Messina, Italy","after",27
2022,"Milwaukee, Wisconsin, USA","before",310
2022,"Milwaukee, Wisconsin, USA","during",2122
2022,"Milwaukee, Wisconsin, USA","after",2144
2018,"Minneapolis-St. Paul, Minnesota, USA","before",76
2018,"Minneapolis-St. Paul, Minnesota, USA","during",3575
2018,"Minneapolis-St. Paul, Minnesota, USA","after",640
2019,"Minneapolis-St. Paul, Minnesota, USA","before",321
2019,"Minneapolis-St. Paul, Minnesota, USA","during",5793
2019,"Minneapolis-St. Paul, Minnesota, USA","after",805
2020,"Minneapolis-St. Paul, Minnesota, USA","before",722
2020,"Minneapolis-St. Paul, Minnesota, USA","during",5647
2020,"Minneapolis-St. Paul, Minnesota, USA","after",2139
2021,"Minneapolis-St. Paul, Minnesota, USA","before",2625
2021,"Minneapolis-St. Paul, Minnesota, USA","during",6794
2021,"Minneapolis-St. Paul, Minnesota, USA","after",2985
2022,"Minneapolis-St. Paul, Minnesota, USA","before",877
2022,"Minneapolis-St. Paul, Minnesota, USA","during",5315
2022,"Minneapolis-St. Paul, Minnesota, USA","after",3662
2018,"Monterrey, México","before",499
2018,"Monterrey, México","during",8482
2018,"Monterrey, México","after",487
2019,"Monterrey, México","before",792
2019,"Monterrey, México","during",15739
2019,"Monterrey, México","after",414
2020,"Monterrey, México","before",376
2020,"Monterrey, México","during",1765
2020,"Monterrey, México","after",411
2022,"Monterrey, México","before",620
2022,"Monterrey, México","during",22039
2022,"Monterrey, México","after",657
2021,"Monterrey, México","before",760
2021,"Monterrey, México","during",9324
2021,"Monterrey, México","after",347
2020,"Montréal, Québec, Canada","before",227
2020,"Montréal, Québec, Canada","during",695
2020,"Montréal, Québec, Canada","after",671
2021,"Montréal, Québec, Canada","before",889
2021,"Montréal, Québec, Canada","during",1353
2021,"Montréal, Québec, Canada","after",1521
2022,"Montréal, Québec, Canada","before",732
2022,"Montréal, Québec, Canada","during",6864
2022,"Montréal, Québec, Canada","after",1392
2021,"Moscow, Russia","before",1209
2021,"Moscow, Russia","during",11341
2021,"Moscow, Russia","after",2477
2020,"Moscow, Russia","before",261
2020,"Moscow, Russia","during",5993
2020,"Moscow, Russia","after",1360
2022,"Moscow, Russia","before",1393
2022,"Moscow, Russia","during",10951
2022,"Moscow, Russia","after",2634
2022,"Nanaimo, British Columbia, Canada","before",589
2022,"Nanaimo, British Columbia, Canada","during",3757
2022,"Nanaimo, British Columbia, Canada","after",1604
2018,"Nashville, Tennessee, USA","before",118
2018,"Nashville, Tennessee, USA","during",1678
2018,"Nashville, Tennessee, USA","after",437
2019,"Nashville, Tennessee, USA","before",1131
2019,"Nashville, Tennessee, USA","during",2363
2019,"Nashville, Tennessee, USA","after",810
2020,"Nashville, Tennessee, USA","before",546
2020,"Nashville, Tennessee, USA","during",2650
2020,"Nashville, Tennessee, USA","after",736
2021,"Nashville, Tennessee, USA","before",883
2021,"Nashville, Tennessee, USA","during",1588
2021,"Nashville, Tennessee, USA","after",776
2022,"Nashville, Tennessee, USA","before",845
2022,"Nashville, Tennessee, USA","during",2257
2022,"Nashville, Tennessee, USA","after",1053
2020,"North Carolina Coastal Plain, North Carolina, USA","before",537
2020,"North Carolina Coastal Plain, North Carolina, USA","during",4067
2020,"North Carolina Coastal Plain, North Carolina, USA","after",1040
2021,"North Carolina Coastal Plain, North Carolina, USA","before",1380
2021,"North Carolina Coastal Plain, North Carolina, USA","during",2576
2021,"North Carolina Coastal Plain, North Carolina, USA","after",1215
2019,"New Orleans, Louisiana, USA","before",631
2019,"New Orleans, Louisiana, USA","during",851
2019,"New Orleans, Louisiana, USA","after",279
2020,"New Orleans, Louisiana, USA","before",492
2020,"New Orleans, Louisiana, USA","during",609
2020,"New Orleans, Louisiana, USA","after",353
2021,"New Orleans, Louisiana, USA","before",1118
2021,"New Orleans, Louisiana, USA","during",1459
2021,"New Orleans, Louisiana, USA","after",478
2022,"New Orleans, Louisiana, USA","before",611
2022,"New Orleans, Louisiana, USA","during",1485
2022,"New Orleans, Louisiana, USA","after",402
2018,"New York City, New York, USA","before",831
2018,"New York City, New York, USA","during",21224
2018,"New York City, New York, USA","after",1649
2019,"New York City, New York, USA","before",1316
2019,"New York City, New York, USA","during",25775
2019,"New York City, New York, USA","after",1791
2020,"New York City, New York, USA","before",1618
2020,"New York City, New York, USA","during",7648
2020,"New York City, New York, USA","after",1972
2021,"New York City, New York, USA","before",4156
2021,"New York City, New York, USA","during",19565
2021,"New York City, New York, USA","after",3119
2022,"New York City, New York, USA","before",2677
2022,"New York City, New York, USA","during",16495
2022,"New York City, New York, USA","after",3883
2019,"North East England, UK","before",29
2019,"North East England, UK","during",3076
2019,"North East England, UK","after",225
2020,"North East England, UK","before",417
2020,"North East England, UK","during",5300
2020,"North East England, UK","after",359
2021,"North East England, UK","before",320
2021,"North East England, UK","during",2185
2021,"North East England, UK","after",504
2022,"North East England, UK","before",650
2022,"North East England, UK","during",4060
2022,"North East England, UK","after",315
2020,"North Taiwan, Taiwan","before",3880
2020,"North Taiwan, Taiwan","during",12126
2020,"North Taiwan, Taiwan","after",2728
2021,"North Taiwan, Taiwan","before",3485
2021,"North Taiwan, Taiwan","during",23041
2021,"North Taiwan, Taiwan","after",1369
2022,"North Taiwan, Taiwan","before",3117
2022,"North Taiwan, Taiwan","during",12151
2022,"North Taiwan, Taiwan","after",1550
2020,"Northeast Tennessee, Tennessee, USA","before",50
2020,"Northeast Tennessee, Tennessee, USA","during",1171
2020,"Northeast Tennessee, Tennessee, USA","after",105
2021,"Northeast Tennessee, Tennessee, USA","before",631
2021,"Northeast Tennessee, Tennessee, USA","during",3531
2021,"Northeast Tennessee, Tennessee, USA","after",745
2022,"Northeast Tennessee, Tennessee, USA","before",373
2022,"Northeast Tennessee, Tennessee, USA","during",3331
2022,"Northeast Tennessee, Tennessee, USA","after",614
2020,"Nottingham, Nottinghamshire, UK","before",49
2020,"Nottingham, Nottinghamshire, UK","during",2713
2020,"Nottingham, Nottinghamshire, UK","after",86
2021,"Nottingham, Nottinghamshire, UK","before",62
2021,"Nottingham, Nottinghamshire, UK","during",2777
2021,"Nottingham, Nottinghamshire, UK","after",31
2022,"Nottingham, Nottinghamshire, UK","before",66
2022,"Nottingham, Nottinghamshire, UK","during",2938
2022,"Nottingham, Nottinghamshire, UK","after",160
2018,"Omaha Metro Area, Nebraska, USA","before",4
2018,"Omaha Metro Area, Nebraska, USA","during",2001
2018,"Omaha Metro Area, Nebraska, USA","after",64
2019,"Omaha Metro Area, Nebraska, USA","before",37
2019,"Omaha Metro Area, Nebraska, USA","during",1895
2019,"Omaha Metro Area, Nebraska, USA","after",69
2020,"Omaha Metro Area, Nebraska, USA","before",56
2020,"Omaha Metro Area, Nebraska, USA","during",1902
2020,"Omaha Metro Area, Nebraska, USA","after",684
2021,"Omaha Metro Area, Nebraska, USA","before",79
2021,"Omaha Metro Area, Nebraska, USA","during",739
2021,"Omaha Metro Area, Nebraska, USA","after",170
2022,"Omaha Metro Area, Nebraska, USA","before",49
2022,"Omaha Metro Area, Nebraska, USA","during",934
2022,"Omaha Metro Area, Nebraska, USA","after",196
2021,"Orlando, Florida, USA","before",432
2021,"Orlando, Florida, USA","during",1521
2021,"Orlando, Florida, USA","after",846
2022,"Orlando, Florida, USA","before",649
2022,"Orlando, Florida, USA","during",3666
2022,"Orlando, Florida, USA","after",666
2020,"Ottawa-Gatineau, Ontario-Quebec, Canada","before",406
2020,"Ottawa-Gatineau, Ontario-Quebec, Canada","during",2984
2020,"Ottawa-Gatineau, Ontario-Quebec, Canada","after",863
2021,"Ottawa-Gatineau, Ontario-Quebec, Canada","before",1496
2021,"Ottawa-Gatineau, Ontario-Quebec, Canada","during",5494
2021,"Ottawa-Gatineau, Ontario-Quebec, Canada","after",3413
2022,"Ottawa-Gatineau, Ontario-Quebec, Canada","before",1139
2022,"Ottawa-Gatineau, Ontario-Quebec, Canada","during",5037
2022,"Ottawa-Gatineau, Ontario-Quebec, Canada","after",1622
2022,"Overstrand, Western Cape, South Africa","before",123
2022,"Overstrand, Western Cape, South Africa","during",19822
2022,"Overstrand, Western Cape, South Africa","after",210
2021,"Te Whanganui-a-Tara (Wellington City), New Zealand","before",304
2021,"Te Whanganui-a-Tara (Wellington City), New Zealand","during",7489
2021,"Te Whanganui-a-Tara (Wellington City), New Zealand","after",285
2022,"Te Whanganui-a-Tara (Wellington City), New Zealand","before",508
2022,"Te Whanganui-a-Tara (Wellington City), New Zealand","during",7637
2022,"Te Whanganui-a-Tara (Wellington City), New Zealand","after",215
2022,"Palouse Region, Washington and Idaho, USA","before",87
2022,"Palouse Region, Washington and Idaho, USA","during",1754
2022,"Palouse Region, Washington and Idaho, USA","after",155
2021,"Pamplona-Iruña, Navarra, Spain","before",16
2021,"Pamplona-Iruña, Navarra, Spain","during",4258
2021,"Pamplona-Iruña, Navarra, Spain","after",113
2022,"Pamplona-Iruña, Navarra, Spain","before",104
2022,"Pamplona-Iruña, Navarra, Spain","during",4295
2022,"Pamplona-Iruña, Navarra, Spain","after",332
2022,"Paris, France","before",2683
2022,"Paris, France","during",6683
2022,"Paris, France","after",1374
2020,"Perú","before",87
2020,"Perú","during",1669
2020,"Perú","after",195
2019,"Philadelphia, Pennsylvania, USA","before",1285
2019,"Philadelphia, Pennsylvania, USA","during",13809
2019,"Philadelphia, Pennsylvania, USA","after",956
2020,"Philadelphia, Pennsylvania, USA","before",2355
2020,"Philadelphia, Pennsylvania, USA","during",24731
2020,"Philadelphia, Pennsylvania, USA","after",3561
2021,"Philadelphia, Pennsylvania, USA","before",2933
2021,"Philadelphia, Pennsylvania, USA","during",19917
2021,"Philadelphia, Pennsylvania, USA","after",3867
2022,"Philadelphia, Pennsylvania, USA","before",2809
2022,"Philadelphia, Pennsylvania, USA","during",19179
2022,"Philadelphia, Pennsylvania, USA","after",3316
2021,"Greater Phoenix Area, Arizona, USA","before",972
2021,"Greater Phoenix Area, Arizona, USA","during",9703
2021,"Greater Phoenix Area, Arizona, USA","after",653
2022,"Greater Phoenix Area, Arizona, USA","before",1346
2022,"Greater Phoenix Area, Arizona, USA","during",17781
2022,"Greater Phoenix Area, Arizona, USA","after",1749
2020,"Pioneer Valley, Massachusetts, USA","before",696
2020,"Pioneer Valley, Massachusetts, USA","during",1260
2020,"Pioneer Valley, Massachusetts, USA","after",820
2021,"Pioneer Valley, Massachusetts, USA","before",584
2021,"Pioneer Valley, Massachusetts, USA","during",1137
2021,"Pioneer Valley, Massachusetts, USA","after",1253
2022,"Pioneer Valley, Massachusetts, USA","before",681
2022,"Pioneer Valley, Massachusetts, USA","during",1962
2022,"Pioneer Valley, Massachusetts, USA","after",898
2018,"Pittsburgh Region, Pennsylvania, USA","before",313
2018,"Pittsburgh Region, Pennsylvania, USA","during",4244
2018,"Pittsburgh Region, Pennsylvania, USA","after",900
2019,"Pittsburgh Region, Pennsylvania, USA","before",597
2019,"Pittsburgh Region, Pennsylvania, USA","during",5275
2019,"Pittsburgh Region, Pennsylvania, USA","after",1035
2020,"Pittsburgh Region, Pennsylvania, USA","before",1080
2020,"Pittsburgh Region, Pennsylvania, USA","during",8431
2020,"Pittsburgh Region, Pennsylvania, USA","after",1323
2021,"Pittsburgh Region, Pennsylvania, USA","before",1892
2021,"Pittsburgh Region, Pennsylvania, USA","during",7145
2021,"Pittsburgh Region, Pennsylvania, USA","after",1953
2022,"Pittsburgh Region, Pennsylvania, USA","before",1078
2022,"Pittsburgh Region, Pennsylvania, USA","during",5895
2022,"Pittsburgh Region, Pennsylvania, USA","after",1790
2022,"Greater Portland-Vancouver Metro Area, Oregon, USA","before",1239
2022,"Greater Portland-Vancouver Metro Area, Oregon, USA","during",3746
2022,"Greater Portland-Vancouver Metro Area, Oregon, USA","after",1997
2021,"Greater Portland-Vancouver Metro Area, Oregon, USA","before",1720
2021,"Greater Portland-Vancouver Metro Area, Oregon, USA","during",6582
2021,"Greater Portland-Vancouver Metro Area, Oregon, USA","after",1814
2018,"Prague, Czech Republic","before",17
2018,"Prague, Czech Republic","during",1625
2018,"Prague, Czech Republic","after",106
2019,"Prague, Czech Republic","before",155
2019,"Prague, Czech Republic","during",6983
2019,"Prague, Czech Republic","after",282
2020,"Prague, Czech Republic","before",361
2020,"Prague, Czech Republic","during",9887
2020,"Prague, Czech Republic","after",655
2021,"Prague, Czech Republic","before",269
2021,"Prague, Czech Republic","during",11690
2021,"Prague, Czech Republic","after",850
2022,"Prague, Czech Republic","before",446
2022,"Prague, Czech Republic","during",12130
2022,"Prague, Czech Republic","after",550
2022,"Providence, Rhode Island, USA","before",467
2022,"Providence, Rhode Island, USA","during",800
2022,"Providence, Rhode Island, USA","after",589
2019,"Quito, Pichincha, Ecuador","before",853
2019,"Quito, Pichincha, Ecuador","during",1391
2019,"Quito, Pichincha, Ecuador","after",321
2021,"Quito, Pichincha, Ecuador","before",490
2021,"Quito, Pichincha, Ecuador","during",8048
2021,"Quito, Pichincha, Ecuador","after",606
2022,"Quito, Pichincha, Ecuador","before",934
2022,"Quito, Pichincha, Ecuador","during",17087
2022,"Quito, Pichincha, Ecuador","after",1225
2018,"Triangle Area (Raleigh), North Carolina, USA","before",820
2018,"Triangle Area (Raleigh), North Carolina, USA","during",9665
2018,"Triangle Area (Raleigh), North Carolina, USA","after",1206
2019,"Triangle Area (Raleigh), North Carolina, USA","before",1290
2019,"Triangle Area (Raleigh), North Carolina, USA","during",14149
2019,"Triangle Area (Raleigh), North Carolina, USA","after",1815
2020,"Triangle Area (Raleigh), North Carolina, USA","before",4086
2020,"Triangle Area (Raleigh), North Carolina, USA","during",18603
2020,"Triangle Area (Raleigh), North Carolina, USA","after",3554
2021,"Triangle Area (Raleigh), North Carolina, USA","before",4588
2021,"Triangle Area (Raleigh), North Carolina, USA","during",15671
2021,"Triangle Area (Raleigh), North Carolina, USA","after",3033
2022,"Triangle Area (Raleigh), North Carolina, USA","before",2777
2022,"Triangle Area (Raleigh), North Carolina, USA","during",13590
2022,"Triangle Area (Raleigh), North Carolina, USA","after",2796
2018,"Richmond, Virginia, USA","before",164
2018,"Richmond, Virginia, USA","during",1203
2018,"Richmond, Virginia, USA","after",297
2019,"Richmond, Virginia, USA","before",183
2019,"Richmond, Virginia, USA","during",448
2019,"Richmond, Virginia, USA","after",582
2020,"Richmond, Virginia, USA","before",529
2020,"Richmond, Virginia, USA","during",1551
2020,"Richmond, Virginia, USA","after",815
2021,"Richmond, Virginia, USA","before",935
2021,"Richmond, Virginia, USA","during",1035
2021,"Richmond, Virginia, USA","after",845
2022,"Richmond, Virginia, USA","before",1254
2022,"Richmond, Virginia, USA","during",3320
2022,"Richmond, Virginia, USA","after",1126
2020,"Rock River Valley (Rockford), Illinois, USA","before",303
2020,"Rock River Valley (Rockford), Illinois, USA","during",5611
2020,"Rock River Valley (Rockford), Illinois, USA","after",611
2021,"Rock River Valley (Rockford), Illinois, USA","before",478
2021,"Rock River Valley (Rockford), Illinois, USA","during",6303
2021,"Rock River Valley (Rockford), Illinois, USA","after",570
2022,"Rock River Valley (Rockford), Illinois, USA","before",196
2022,"Rock River Valley (Rockford), Illinois, USA","during",7416
2022,"Rock River Valley (Rockford), Illinois, USA","after",806
2018,"São Paulo, Brazil","before",48
2018,"São Paulo, Brazil","during",2472
2018,"São Paulo, Brazil","after",85
2019,"São Paulo, Brazil","before",108
2019,"São Paulo, Brazil","during",390
2019,"São Paulo, Brazil","after",34
2020,"São Paulo, Brazil","before",58
2020,"São Paulo, Brazil","during",211
2020,"São Paulo, Brazil","after",74
2021,"São Paulo, Brazil","before",382
2021,"São Paulo, Brazil","during",1090
2021,"São Paulo, Brazil","after",422
2022,"São Paulo, Brazil","before",365
2022,"São Paulo, Brazil","during",2124
2022,"São Paulo, Brazil","after",260
2019,"Sacramento Region, California, USA","before",812
2019,"Sacramento Region, California, USA","during",6806
2019,"Sacramento Region, California, USA","after",929
2020,"Sacramento Region, California, USA","before",1374
2020,"Sacramento Region, California, USA","during",5053
2020,"Sacramento Region, California, USA","after",1749
2021,"Sacramento Region, California, USA","before",2104
2021,"Sacramento Region, California, USA","during",5990
2021,"Sacramento Region, California, USA","after",2548
2022,"Sacramento Region, California, USA","before",1603
2022,"Sacramento Region, California, USA","during",5283
2022,"Sacramento Region, California, USA","after",2529
2022,"Salzburg, Austria","before",62
2022,"Salzburg, Austria","during",156
2022,"Salzburg, Austria","after",143
2018,"San Antonio, Texas, USA","before",658
2018,"San Antonio, Texas, USA","during",3518
2018,"San Antonio, Texas, USA","after",427
2019,"San Antonio, Texas, USA","before",1171
2019,"San Antonio, Texas, USA","during",7957
2019,"San Antonio, Texas, USA","after",1077
2020,"San Antonio, Texas, USA","before",2930
2020,"San Antonio, Texas, USA","during",12747
2020,"San Antonio, Texas, USA","after",2628
2021,"San Antonio, Texas, USA","before",2877
2021,"San Antonio, Texas, USA","during",15291
2021,"San Antonio, Texas, USA","after",3617
2022,"San Antonio, Texas, USA","before",3295
2022,"San Antonio, Texas, USA","during",16898
2022,"San Antonio, Texas, USA","after",2540
2018,"San Diego, California, USA","before",2080
2018,"San Diego, California, USA","during",34402
2018,"San Diego, California, USA","after",2442
2019,"San Diego, California, USA","before",3598
2019,"San Diego, California, USA","during",38259
2019,"San Diego, California, USA","after",3609
2020,"San Diego, California, USA","before",2974
2020,"San Diego, California, USA","during",17461
2020,"San Diego, California, USA","after",5164
2021,"San Diego, California, USA","before",5468
2021,"San Diego, California, USA","during",15920
2021,"San Diego, California, USA","after",3969
2022,"San Diego, California, USA","before",8635
2022,"San Diego, California, USA","during",21445
2022,"San Diego, California, USA","after",4573
2018,"San Francisco Bay Area, California, USA","before",6838
2018,"San Francisco Bay Area, California, USA","during",43140
2018,"San Francisco Bay Area, California, USA","after",7846
2019,"San Francisco Bay Area, California, USA","before",10836
2019,"San Francisco Bay Area, California, USA","during",40190
2019,"San Francisco Bay Area, California, USA","after",8352
2020,"San Francisco Bay Area, California, USA","before",12895
2020,"San Francisco Bay Area, California, USA","during",35792
2020,"San Francisco Bay Area, California, USA","after",10675
2021,"San Francisco Bay Area, California, USA","before",15721
2021,"San Francisco Bay Area, California, USA","during",35075
2021,"San Francisco Bay Area, California, USA","after",12576
2022,"San Francisco Bay Area, California, USA","before",15499
2022,"San Francisco Bay Area, California, USA","during",33551
2022,"San Francisco Bay Area, California, USA","after",12551
2020,"Santa Cruz de la Sierra, Santa Cruz, Bolivia","before",36
2020,"Santa Cruz de la Sierra, Santa Cruz, Bolivia","during",7146
2020,"Santa Cruz de la Sierra, Santa Cruz, Bolivia","after",33
2019,"Santiago, Chile","before",63
2019,"Santiago, Chile","during",2409
2019,"Santiago, Chile","after",60
2022,"Sarasota & Manatee County, Florida, USA","before",700
2022,"Sarasota & Manatee County, Florida, USA","during",5983
2022,"Sarasota & Manatee County, Florida, USA","after",746
2021,"Sarasota & Manatee County, Florida, USA","before",778
2021,"Sarasota & Manatee County, Florida, USA","during",4372
2021,"Sarasota & Manatee County, Florida, USA","after",583
2022,"Saskatoon, Saskatchewan, Canada","before",44
2022,"Saskatoon, Saskatchewan, Canada","during",1241
2022,"Saskatoon, Saskatchewan, Canada","after",163
2020,"Savannah, Georgia, USA","before",85
2020,"Savannah, Georgia, USA","during",197
2020,"Savannah, Georgia, USA","after",150
2022,"Savannah, Georgia, USA","before",421
2022,"Savannah, Georgia, USA","during",1697
2022,"Savannah, Georgia, USA","after",303
2018,"Seattle-Tacoma Metropolitan Area, Washington, USA","before",427
2018,"Seattle-Tacoma Metropolitan Area, Washington, USA","during",6326
2018,"Seattle-Tacoma Metropolitan Area, Washington, USA","after",868
2019,"Seattle-Tacoma Metropolitan Area, Washington, USA","before",806
2019,"Seattle-Tacoma Metropolitan Area, Washington, USA","during",3145
2019,"Seattle-Tacoma Metropolitan Area, Washington, USA","after",1103
2020,"Seattle-Tacoma Metropolitan Area, Washington, USA","before",1440
2020,"Seattle-Tacoma Metropolitan Area, Washington, USA","during",5221
2020,"Seattle-Tacoma Metropolitan Area, Washington, USA","after",3624
2021,"Seattle-Tacoma Metropolitan Area, Washington, USA","before",2471
2021,"Seattle-Tacoma Metropolitan Area, Washington, USA","during",8009
2021,"Seattle-Tacoma Metropolitan Area, Washington, USA","after",3759
2022,"Seattle-Tacoma Metropolitan Area, Washington, USA","before",1901
2022,"Seattle-Tacoma Metropolitan Area, Washington, USA","during",8353
2022,"Seattle-Tacoma Metropolitan Area, Washington, USA","after",2582
2020,"Miami, Florida, USA","before",1629
2020,"Miami, Florida, USA","during",8523
2020,"Miami, Florida, USA","after",824
2021,"Miami, Florida, USA","before",1742
2021,"Miami, Florida, USA","during",10468
2021,"Miami, Florida, USA","after",1496
2022,"Miami, Florida, USA","before",1817
2022,"Miami, Florida, USA","during",11487
2022,"Miami, Florida, USA","after",1819
2022,"Southcentral PA Region, Pennsylvania, USA","before",426
2022,"Southcentral PA Region, Pennsylvania, USA","during",1074
2022,"Southcentral PA Region, Pennsylvania, USA","after",605
2021,"St. Augustine, Florida, USA","before",186
2021,"St. Augustine, Florida, USA","during",1177
2021,"St. Augustine, Florida, USA","after",554
2022,"St. Augustine, Florida, USA","before",282
2022,"St. Augustine, Florida, USA","during",541
2022,"St. Augustine, Florida, USA","after",186
2018,"St. Louis, Missouri, USA","before",158
2018,"St. Louis, Missouri, USA","during",10619
2018,"St. Louis, Missouri, USA","after",669
2019,"St. Louis, Missouri, USA","before",569
2019,"St. Louis, Missouri, USA","during",13846
2019,"St. Louis, Missouri, USA","after",941
2020,"St. Louis, Missouri, USA","before",909
2020,"St. Louis, Missouri, USA","during",7059
2020,"St. Louis, Missouri, USA","after",1831
2021,"St. Louis, Missouri, USA","before",1633
2021,"St. Louis, Missouri, USA","during",6289
2021,"St. Louis, Missouri, USA","after",1359
2022,"St. Louis, Missouri, USA","before",1200
2022,"St. Louis, Missouri, USA","during",7186
2022,"St. Louis, Missouri, USA","after",2561
2020,"Sydney, New South Wales, Australia","before",1191
2020,"Sydney, New South Wales, Australia","during",4176
2020,"Sydney, New South Wales, Australia","after",1221
2021,"Sydney, New South Wales, Australia","before",728
2021,"Sydney, New South Wales, Australia","during",3259
2021,"Sydney, New South Wales, Australia","after",697
2022,"Sydney, New South Wales, Australia","before",1038
2022,"Sydney, New South Wales, Australia","during",3077
2022,"Sydney, New South Wales, Australia","after",910
2021,"Tāmaki Makaurau (Auckland), New Zealand","before",372
2021,"Tāmaki Makaurau (Auckland), New Zealand","during",1834
2021,"Tāmaki Makaurau (Auckland), New Zealand","after",457
2022,"Tāmaki Makaurau (Auckland), New Zealand","before",478
2022,"Tāmaki Makaurau (Auckland), New Zealand","during",1143
2022,"Tāmaki Makaurau (Auckland), New Zealand","after",401
2020,"Tainan, Taiwan","before",186
2020,"Tainan, Taiwan","during",2064
2020,"Tainan, Taiwan","after",110
2021,"Tainan, Taiwan","before",237
2021,"Tainan, Taiwan","during",1503
2021,"Tainan, Taiwan","after",299
2022,"Tainan, Taiwan","before",325
2022,"Tainan, Taiwan","during",873
2022,"Tainan, Taiwan","after",130
2019,"Tena, Ecuador","before",144
2019,"Tena, Ecuador","during",38717
2019,"Tena, Ecuador","after",19
2022,"Thailand","before",328
2022,"Thailand","during",5835
2022,"Thailand","after",494
2018,"The Wasatch, Utah, USA","before",161
2018,"The Wasatch, Utah, USA","during",3657
2018,"The Wasatch, Utah, USA","after",290
2019,"The Wasatch, Utah, USA","before",737
2019,"The Wasatch, Utah, USA","during",3789
2019,"The Wasatch, Utah, USA","after",580
2020,"The Wasatch, Utah, USA","before",529
2020,"The Wasatch, Utah, USA","during",6915
2020,"The Wasatch, Utah, USA","after",1483
2021,"The Wasatch, Utah, USA","before",797
2021,"The Wasatch, Utah, USA","during",5999
2021,"The Wasatch, Utah, USA","after",1644
2022,"The Wasatch, Utah, USA","before",1165
2022,"The Wasatch, Utah, USA","during",5363
2022,"The Wasatch, Utah, USA","after",2238
2018,"Tokyo, Japan","before",110
2018,"Tokyo, Japan","during",2451
2018,"Tokyo, Japan","after",47
2019,"Tokyo, Japan","before",154
2019,"Tokyo, Japan","during",3938
2019,"Tokyo, Japan","after",232
2020,"Tokyo, Japan","before",103
2020,"Tokyo, Japan","during",1173
2020,"Tokyo, Japan","after",156
2021,"Tokyo, Japan","before",302
2021,"Tokyo, Japan","during",4838
2021,"Tokyo, Japan","after",348
2022,"Tokyo, Japan","before",212
2022,"Tokyo, Japan","during",2375
2022,"Tokyo, Japan","after",272
2021,"Toronto, Ontario, Canada","before",3244
2021,"Toronto, Ontario, Canada","during",6206
2021,"Toronto, Ontario, Canada","after",5952
2022,"Toronto, Ontario, Canada","before",2742
2022,"Toronto, Ontario, Canada","during",5266
2022,"Toronto, Ontario, Canada","after",3911
2022,"Toulouse, Occitanie, France","before",109
2022,"Toulouse, Occitanie, France","during",5746
2022,"Toulouse, Occitanie, France","after",149
2020,"Tshwane, Gauteng, South Africa","before",174
2020,"Tshwane, Gauteng, South Africa","during",970
2020,"Tshwane, Gauteng, South Africa","after",112
2021,"Tshwane, Gauteng, South Africa","before",102
2021,"Tshwane, Gauteng, South Africa","during",7360
2021,"Tshwane, Gauteng, South Africa","after",105
2022,"Tshwane, Gauteng, South Africa","before",202
2022,"Tshwane, Gauteng, South Africa","during",4437
2022,"Tshwane, Gauteng, South Africa","after",144
2021,"Tucson, Arizona, USA","before",813
2021,"Tucson, Arizona, USA","during",2670
2021,"Tucson, Arizona, USA","after",1037
2022,"Tucson, Arizona, USA","before",1399
2022,"Tucson, Arizona, USA","during",6394
2022,"Tucson, Arizona, USA","after",1224
2020,"Tulsa, Oklahoma, USA","before",788
2020,"Tulsa, Oklahoma, USA","during",1796
2020,"Tulsa, Oklahoma, USA","after",283
2019,"Tulsa, Oklahoma, USA","before",128
2019,"Tulsa, Oklahoma, USA","during",225
2019,"Tulsa, Oklahoma, USA","after",58
2018,"Tulsa, Oklahoma, USA","before",534
2018,"Tulsa, Oklahoma, USA","during",1256
2018,"Tulsa, Oklahoma, USA","after",401
2019,"Tuxtla Gutierrez, Mexico","before",149
2019,"Tuxtla Gutierrez, Mexico","during",5760
2019,"Tuxtla Gutierrez, Mexico","after",71
2021,"Tuxtla Gutierrez, Mexico","before",46
2021,"Tuxtla Gutierrez, Mexico","during",459
2021,"Tuxtla Gutierrez, Mexico","after",36
2022,"East Texas, Texas, USA","before",1089
2022,"East Texas, Texas, USA","during",4879
2022,"East Texas, Texas, USA","after",625
2022,"Ukraine","before",1421
2022,"Ukraine","during",8508
2022,"Ukraine","after",3861
2018,"Vancouver, British Columbia, Canada","before",15
2018,"Vancouver, British Columbia, Canada","during",825
2018,"Vancouver, British Columbia, Canada","after",62
2022,"Vancouver, British Columbia, Canada","before",1326
2022,"Vancouver, British Columbia, Canada","during",3199
2022,"Vancouver, British Columbia, Canada","after",2320
2019,"Veracruz Metropolitano, Veracruz, México","before",141
2019,"Veracruz Metropolitano, Veracruz, México","during",1483
2019,"Veracruz Metropolitano, Veracruz, México","after",70
2020,"Veracruz Metropolitano, Veracruz, México","before",56
2020,"Veracruz Metropolitano, Veracruz, México","during",1113
2020,"Veracruz Metropolitano, Veracruz, México","after",129
2021,"Veracruz Metropolitano, Veracruz, México","before",63
2021,"Veracruz Metropolitano, Veracruz, México","during",2868
2021,"Veracruz Metropolitano, Veracruz, México","after",170
2022,"Veracruz Metropolitano, Veracruz, México","before",124
2022,"Veracruz Metropolitano, Veracruz, México","during",4878
2022,"Veracruz Metropolitano, Veracruz, México","after",261
2020,"Veraguas, Panamá","before",5
2020,"Veraguas, Panamá","during",3163
2020,"Veraguas, Panamá","after",42
2021,"Veraguas, Panamá","before",52
2021,"Veraguas, Panamá","during",2092
2021,"Veraguas, Panamá","after",21
2022,"Veraguas, Panamá","before",50
2022,"Veraguas, Panamá","during",850
2022,"Veraguas, Panamá","after",38
2022,"Greater Victoria, British Columbia, Canada","before",2157
2022,"Greater Victoria, British Columbia, Canada","during",8130
2022,"Greater Victoria, British Columbia, Canada","after",2355
2020,"Wien, Austria","before",321
2020,"Wien, Austria","during",4435
2020,"Wien, Austria","after",645
2021,"Wien, Austria","before",244
2021,"Wien, Austria","during",6222
2021,"Wien, Austria","after",786
2022,"Wien, Austria","before",444
2022,"Wien, Austria","during",9547
2022,"Wien, Austria","after",1110
2022,"Volusia County, Florida, USA","before",265
2022,"Volusia County, Florida, USA","during",1479
2022,"Volusia County, Florida, USA","after",344
2018,"Washington DC Metro area, USA","before",2027
2018,"Washington DC Metro area, USA","during",23018
2018,"Washington DC Metro area, USA","after",2021
2019,"Washington DC Metro area, USA","before",3359
2019,"Washington DC Metro area, USA","during",30303
2019,"Washington DC Metro area, USA","after",2782
2020,"Washington DC Metro area, USA","before",6636
2020,"Washington DC Metro area, USA","during",28161
2020,"Washington DC Metro area, USA","after",6362
2021,"Washington DC Metro area, USA","before",9050
2021,"Washington DC Metro area, USA","during",43580
2021,"Washington DC Metro area, USA","after",9266
2022,"Washington DC Metro area, USA","before",6222
2022,"Washington DC Metro area, USA","during",38977
2022,"Washington DC Metro area, USA","after",7803
2021,"Western NC, North Carolina, USA","before",3258
2021,"Western NC, North Carolina, USA","during",7264
2021,"Western NC, North Carolina, USA","after",3447
2022,"North Carolina Coastal Plain, North Carolina, USA","before",1352
2022,"North Carolina Coastal Plain, North Carolina, USA","during",4026
2022,"North Carolina Coastal Plain, North Carolina, USA","after",1064
2021,"Yilan-Hualien, Taiwan","before",633
2021,"Yilan-Hualien, Taiwan","during",3388
2021,"Yilan-Hualien, Taiwan","after",696
2022,"Yilan-Hualien, Taiwan","before",1648
2022,"Yilan-Hualien, Taiwan","during",5082
2022,"Yilan-Hualien, Taiwan","after",628
